customerID,Actual_Churn,Predicted_Churn,Churn_Probability,Risk_Level
1024-GUALD,1,1,0.6921136409831756,Medium Risk
0484-JPBRU,0,0,0.06175433273071842,Low Risk
3620-EHIMZ,0,0,0.004517745227457037,Low Risk
6910-HADCM,1,1,0.6064063542817864,Medium Risk
8587-XYZSF,0,0,0.005829306632156283,Low Risk
6818-WOBHJ,1,0,0.28564720054240206,Low Risk
3082-YVEKW,0,0,0.046497248230920614,Low Risk
4737-AQCPU,0,0,0.003662887065177891,Low Risk
4853-RULSV,1,0,0.0491540006423446,Low Risk
5766-ZJYBB,1,0,0.19951526785860685,Low Risk
2668-TZSPS,0,0,0.19571127137381536,Low Risk
3192-LNKRK,0,0,0.3690059164123433,Low Risk
5315-CKEQK,0,0,0.19183374046468443,Low Risk
5914-DVBWJ,1,1,0.5323746874973304,Medium Risk
7998-ZLXWN,0,0,0.11492012994653379,Low Risk
6328-ZPBGN,1,1,0.7396989008981621,High Risk
9530-EHPOH,1,0,0.38971560443828535,Low Risk
1853-UDXBW,1,1,0.6641147305166252,Medium Risk
2672-TGEFF,0,0,0.478223961587779,Medium Risk
1902-XBTFB,1,0,0.48859917485275434,Medium Risk
1640-PLFMP,0,1,0.6970868425894198,Medium Risk
3679-XASPY,0,0,0.25073078792141673,Low Risk
7356-IWLFW,0,0,0.26516391228390457,Low Risk
9036-CSKBW,0,0,0.1674205035093914,Low Risk
8952-WCVCD,0,0,0.20079492566221321,Low Risk
2100-BDNSN,1,0,0.35352295481749124,Low Risk
2869-ADAWR,1,0,0.34381559627910996,Low Risk
5832-EXGTT,0,0,0.16377416303656867,Low Risk
9402-ORRAH,0,1,0.7298437048463633,High Risk
4967-WPNCF,0,0,0.01313939641528041,Low Risk
8033-VCZGH,0,0,0.2986311315558724,Low Risk
9392-XBGTD,0,0,0.013514180880083188,Low Risk
0078-XZMHT,0,0,0.023187386254036987,Low Risk
0743-HNPFG,0,0,0.02750084240243039,Low Risk
5334-JLAXU,0,0,0.20608291689501973,Low Risk
5696-EXCYS,0,0,0.02478589096202156,Low Risk
2569-WGERO,0,0,0.0025931965072687755,Low Risk
5219-YIPTK,1,1,0.6258902308108327,Medium Risk
5553-AOINX,0,0,0.2731858200264082,Low Risk
5502-RLUYV,1,0,0.38543036694308314,Low Risk
2058-DCJBE,1,1,0.6563912776174813,Medium Risk
2293-IJWPS,0,0,0.27525089469696534,Low Risk
7130-VTEWQ,1,1,0.728152763918415,High Risk
0080-EMYVY,0,0,0.11473230132437325,Low Risk
0148-DCDOS,1,1,0.6142119739811583,Medium Risk
9170-ARBTB,0,0,0.009305645476980472,Low Risk
2070-FNEXE,1,0,0.413019618108953,Medium Risk
5364-EVNIB,1,1,0.5370807210080241,Medium Risk
1112-CUNAO,1,1,0.642288166851868,Medium Risk
4576-CSAJH,1,0,0.08248224931316867,Low Risk
9967-ATRFS,0,0,0.09662514057916419,Low Risk
1360-RCYRT,0,0,0.24482404919954923,Low Risk
5038-ETMLM,0,0,0.05447007921830317,Low Risk
5663-QBGIS,0,0,0.07214210396750563,Low Risk
4194-WHFCB,0,0,0.21134759655417867,Low Risk
9481-WHGWY,0,0,0.007699619465988101,Low Risk
5453-YBTWV,0,0,0.019244713143761714,Low Risk
2018-PZKMU,0,1,0.5247682189521553,Medium Risk
9277-JOOMO,0,0,0.23206723411988758,Low Risk
3629-ZNKXA,0,1,0.6643636884013129,Medium Risk
0369-ZGOVK,0,0,0.23342438152816525,Low Risk
3604-WLABM,0,0,0.2749085797144946,Low Risk
4063-EIKNQ,0,0,0.1213791400662972,Low Risk
2878-RMWXY,0,0,0.05261173960590459,Low Risk
9540-JYROE,1,1,0.5467476304757372,Medium Risk
7515-LODFU,0,0,0.0022455306943882595,Low Risk
1839-FBNFR,0,0,0.012307660607486885,Low Risk
5397-NSKQG,0,0,0.012880633234618568,Low Risk
1755-FZQEC,0,0,0.01954921229631238,Low Risk
2160-GPFXD,0,0,0.009761234643978009,Low Risk
4415-IJZTP,1,1,0.7481645224579645,High Risk
9880-TDQAC,0,0,0.024500582163361862,Low Risk
5138-WVKYJ,1,1,0.6144559515597964,Medium Risk
8844-TONUD,1,1,0.5794761367839375,Medium Risk
0080-OROZO,0,0,0.33693005206435095,Low Risk
0953-LGOVU,0,0,0.2390822099703434,Low Risk
5325-UWTWJ,0,0,0.2317437882143049,Low Risk
1074-AMIOH,0,0,0.25954740946278476,Low Risk
5906-BFOZT,0,0,0.2574707350542193,Low Risk
7026-YMSBE,0,0,0.030307584036732366,Low Risk
6572-ADKRS,0,0,0.2519580933024319,Low Risk
5922-ABDVO,1,1,0.5408537954345456,Medium Risk
6475-VHUIZ,0,0,0.19063917823055315,Low Risk
1324-NLTJE,1,0,0.23524774472172386,Low Risk
4361-FEBGN,0,0,0.005436594055963967,Low Risk
8393-DLHGA,1,1,0.5469681895280499,Medium Risk
6769-DCQLI,1,0,0.1595759132931512,Low Risk
3018-TFTSU,1,0,0.3133518085665976,Low Risk
2324-AALNO,0,0,0.018598429839548607,Low Risk
2300-RQGOI,0,0,0.009740317092339896,Low Risk
6133-OZILE,0,0,0.3929818340083158,Low Risk
7605-SNLQG,0,0,0.1097737909927122,Low Risk
5348-CAGXB,0,1,0.6936914643172019,Medium Risk
0201-MIBOL,0,0,0.08499411522312345,Low Risk
7083-MIOPC,0,0,0.0018196970933962071,Low Risk
0562-KBDVM,0,0,0.006712171048340828,Low Risk
1173-NOEYG,0,0,0.4826169108898017,Medium Risk
7698-YFGEZ,0,0,0.19733479749363222,Low Risk
9061-TIHDA,1,1,0.7900998608649934,High Risk
0016-QLJIS,0,0,0.016965097846784894,Low Risk
7296-PIXQY,0,0,0.4900252279083309,Medium Risk
9102-IAYHT,1,1,0.6759965001751801,Medium Risk
6447-EGDIV,0,0,0.029831788077693436,Low Risk
3460-TJBWI,0,0,0.021983519674054562,Low Risk
3744-ZBHON,0,0,0.2494431794564563,Low Risk
1092-GANHU,1,1,0.5451334254399584,Medium Risk
3948-KXDUF,0,0,0.005656778814642843,Low Risk
7284-ZZLOH,0,0,0.013191925692275038,Low Risk
6745-JEFZB,0,0,0.36810362997597573,Low Risk
2606-PKWJB,0,0,0.028543787296298834,Low Risk
1624-WOIWJ,1,0,0.4807644416279342,Medium Risk
8777-PVYGU,0,0,0.0468463534651645,Low Risk
4770-QAZXN,0,0,0.12012273435449101,Low Risk
8012-SOUDQ,0,0,0.4891181686853525,Medium Risk
5546-BYZSM,0,0,0.04818317576202584,Low Risk
0523-VNGTF,0,0,0.16414649461455083,Low Risk
3779-OSWCF,0,0,0.010729600639417195,Low Risk
8535-SFUTN,0,0,0.3519338765233115,Low Risk
2320-SLKMB,0,0,0.2809402486315446,Low Risk
7169-YWAMK,0,0,0.004019435123708802,Low Risk
8434-PNQZX,0,0,0.05835599111658458,Low Risk
4981-FLTMF,0,0,0.029732125999600807,Low Risk
9424-CMPOG,0,0,0.03429678210959649,Low Risk
3627-FCRDW,1,1,0.5538250362684831,Medium Risk
1518-OMDIK,0,0,0.1623672515115177,Low Risk
8393-JMVMB,0,0,0.19933287326023214,Low Risk
7638-QVMVY,1,1,0.6946582874223942,Medium Risk
6140-QNRQQ,1,1,0.5990157512769271,Medium Risk
7969-FFOWG,0,0,0.002247983846204267,Low Risk
1342-JPNKI,1,1,0.6368096830217992,Medium Risk
7080-TNUWP,0,0,0.1286695501436184,Low Risk
8949-JTMAY,1,1,0.5874958173523148,Medium Risk
0654-HMSHN,1,1,0.5679678679980694,Medium Risk
2725-KXXWT,1,1,0.7778104772892724,High Risk
2439-QKJUL,0,0,0.16769622549003574,Low Risk
1935-IMVBB,0,0,0.2605666671544656,Low Risk
4628-WQCQQ,1,0,0.2806677513086696,Low Risk
3724-BSCVH,0,0,0.06883137469630486,Low Risk
7605-BDWDC,0,0,0.047490812656071794,Low Risk
7137-RYLPP,1,1,0.571402369036054,Medium Risk
3207-OYBWH,1,0,0.3489170823994289,Low Risk
4707-YNOQA,0,0,0.04049601155261006,Low Risk
6956-SMUCM,1,1,0.5815147334603812,Medium Risk
8714-CTZJW,0,1,0.6466572859402576,Medium Risk
3662-FXJFO,0,0,0.006115259893410013,Low Risk
7623-HKYRK,0,0,0.14130394941194876,Low Risk
1353-GHZOS,0,0,0.12625580238689987,Low Risk
3323-CPBWR,0,0,0.4213016909889993,Medium Risk
6152-ONASV,0,0,0.013971568022765326,Low Risk
9251-AWQGT,0,0,0.005385141310888944,Low Risk
4803-LBYPN,0,0,0.04079896164318359,Low Risk
8879-ZKJOF,0,0,0.0700904409898746,Low Risk
7354-OIJLX,0,1,0.679769780422109,Medium Risk
9129-UXERG,0,1,0.5673781551761196,Medium Risk
5302-BDJNT,0,0,0.37978659755240307,Low Risk
7148-XZPHA,0,0,0.12098635033926358,Low Risk
2651-ZCBXV,0,0,0.06402002471111533,Low Risk
1304-NECVQ,1,1,0.7668035024228873,High Risk
3374-TTZTK,0,0,0.08085943203415402,Low Risk
0229-LFJAF,0,0,0.0045495716251909065,Low Risk
1304-BCCFO,0,0,0.45973760183067935,Medium Risk
0455-XFASS,0,1,0.6615763902952663,Medium Risk
0221-WMXNQ,0,1,0.5112222834360015,Medium Risk
2882-WDTBA,0,0,0.006924324044403743,Low Risk
8069-RHUXK,0,0,0.005047845830827697,Low Risk
4806-KEXQR,1,1,0.723129875563944,High Risk
2817-NTQDO,1,0,0.2931006848714901,Low Risk
3230-IUALN,0,0,0.024111751943506267,Low Risk
6500-JVEGC,0,0,0.07357094774375289,Low Risk
7103-ZGVNT,0,0,0.012747371149253756,Low Risk
1837-YQUCE,0,0,0.01758108388095671,Low Risk
4800-VHZKI,1,0,0.2655245758090465,Low Risk
3887-PBQAO,0,0,0.024393334607201188,Low Risk
5177-RVZNU,0,0,0.01971388059043686,Low Risk
1729-VLAZJ,0,0,0.10320423222909869,Low Risk
4273-MBHYA,0,1,0.7540397564916639,High Risk
8690-UPCZI,0,0,0.059279454469248496,Low Risk
6374-NTQLP,0,0,0.03736933623240235,Low Risk
1618-CFHME,1,1,0.7352088483529884,High Risk
4104-PVRPS,0,0,0.09357617265390336,Low Risk
4210-QFJMF,1,1,0.7361884133057449,High Risk
5787-KXGIY,0,0,0.0017342494436331742,Low Risk
3088-LHEFH,0,1,0.5044152975594619,Medium Risk
8896-RAZCR,0,0,0.006234404749203503,Low Risk
7268-WNTCP,0,0,0.0026937167409958646,Low Risk
5854-KSRBJ,0,0,0.0024588434049218192,Low Risk
9907-SWKKF,1,1,0.555756193894162,Medium Risk
3932-CMDTD,1,0,0.4792745682038872,Medium Risk
5277-ZLOOR,1,1,0.7957243898625825,High Risk
2746-DIJLO,0,0,0.0769163249458671,Low Risk
9174-FKWZE,1,0,0.3781206557053641,Low Risk
9919-FZDED,0,0,0.02145221893281084,Low Risk
9488-FYQAU,0,0,0.09117013800811265,Low Risk
6869-FGJJC,0,0,0.04815443263900585,Low Risk
3349-ANQNH,0,0,0.36262293325996203,Low Risk
0222-CNVPT,0,0,0.16409221365129892,Low Risk
6900-PXRMS,1,1,0.5702086135323389,Medium Risk
0230-WEQUW,0,0,0.01147980123411624,Low Risk
7629-WFGLW,0,0,0.09382017625483721,Low Risk
2235-EZAIK,0,0,0.006315190858011375,Low Risk
5119-NZPTV,0,1,0.6528560998804759,Medium Risk
4282-MSACW,0,0,0.10391065141317397,Low Risk
7711-YIJWC,0,0,0.021457183011146606,Low Risk
8749-CLJXC,0,0,0.19715390530533666,Low Risk
7636-XUHWW,0,0,0.2359451471247255,Low Risk
0883-EIBTI,1,0,0.19908909872815436,Low Risk
4098-NAUKP,0,0,0.2246636208862806,Low Risk
0701-TJSEF,0,0,0.2446219397671087,Low Risk
0689-NKYLF,1,1,0.6383311428736372,Medium Risk
9867-NNXLC,0,0,0.11493444261027842,Low Risk
9337-SRRNI,0,0,0.0037091428699258357,Low Risk
1850-AKQEP,0,0,0.12899019146386764,Low Risk
5600-KTXFM,0,0,0.4912527593021962,Medium Risk
7055-HNEOJ,0,0,0.3187759044278625,Low Risk
2462-XIIJB,1,1,0.7254096838235675,High Risk
7277-KAMWT,0,0,0.029457183993838145,Low Risk
7691-KGKGP,0,0,0.04262984668002336,Low Risk
7808-DVWEP,0,0,0.19455930340670202,Low Risk
2379-GYFLQ,0,0,0.2055208273771623,Low Risk
7325-ENZFI,0,0,0.05305103373630228,Low Risk
8800-ZKRFW,0,1,0.5356810157181203,Medium Risk
9133-AYJZG,0,1,0.5826349422861851,Medium Risk
6772-WFQRD,0,0,0.022685135128810978,Low Risk
9670-BPNXF,0,0,0.024764119862387204,Low Risk
2675-IJRGJ,0,0,0.004553777031759184,Low Risk
4829-ZLJTK,0,0,0.10650931917536782,Low Risk
9950-MTGYX,0,0,0.017401792329672032,Low Risk
9755-JHNMN,0,0,0.007907549023567046,Low Risk
3746-EUBYR,1,1,0.682969811317163,Medium Risk
7929-DMBCV,0,0,0.3819417260718802,Low Risk
9640-ZSLDC,0,0,0.04216727392689504,Low Risk
7197-VOJMM,0,0,0.008168663947325419,Low Risk
2696-NARTR,1,1,0.5345019693425193,Medium Risk
0689-DSXGL,0,0,0.10777086253415105,Low Risk
7294-TMAOP,1,1,0.7153434355327954,High Risk
6177-PEVRA,0,0,0.010020702786574848,Low Risk
7410-YTJIK,1,1,0.542257195180082,Medium Risk
1410-RSCMR,0,0,0.2143868139525231,Low Risk
8800-JOOCF,0,1,0.6788055284161176,Medium Risk
4526-EXKKN,0,0,0.01572456241772451,Low Risk
0813-TAXXS,0,0,0.05121677395580434,Low Risk
2320-TZRRH,0,0,0.0508679611811296,Low Risk
0841-NULXI,1,1,0.7215441812438875,High Risk
2725-TTRIQ,0,0,0.01509779286153644,Low Risk
4778-IZARL,0,0,0.039766910672468354,Low Risk
2535-PBCGC,0,0,0.011598398130521367,Low Risk
3629-WEAAM,0,0,0.2750425569568172,Low Risk
6128-CZOMY,1,1,0.5217527134735225,Medium Risk
9227-UAQFT,0,0,0.026791213773303367,Low Risk
0804-XBFBV,0,0,0.4476735205495444,Medium Risk
4503-BDXBD,1,0,0.4806414512965241,Medium Risk
9626-VFRGG,0,0,0.3565961276258712,Low Risk
4994-OBRSZ,0,0,0.030062273971214526,Low Risk
3654-ARMGP,0,0,0.01942415688444064,Low Risk
0829-XXPLX,0,0,0.41578183184806905,Medium Risk
8938-UMKPI,1,1,0.5331198328388296,Medium Risk
4854-SSLTN,0,0,0.037956439177739214,Low Risk
9720-JJJOR,0,0,0.03807862368238817,Low Risk
1926-QUZNN,0,0,0.003983894589794848,Low Risk
4900-MSOMT,0,0,0.006243523924001917,Low Risk
8910-ICHIU,0,0,0.12543579510277406,Low Risk
4892-VLANZ,1,0,0.19805961775735695,Low Risk
0076-LVEPS,0,0,0.11223201485349588,Low Risk
1666-JXLKU,0,1,0.6312304065866078,Medium Risk
4003-FUSHP,0,0,0.21550943843971368,Low Risk
7696-AMHOD,0,0,0.05469333530837946,Low Risk
8082-GHXOP,0,0,0.22209423293752298,Low Risk
5445-GLVOT,0,0,0.2292824221244199,Low Risk
5195-KPUNQ,0,0,0.09906605431354341,Low Risk
3948-XHGNA,1,0,0.16192471863089744,Low Risk
9624-EGDEQ,0,0,0.010549329513685146,Low Risk
7551-DACSP,1,0,0.2990803475358298,Low Risk
8128-YVJRG,1,1,0.5252132244189851,Medium Risk
1038-ZAGBI,1,0,0.06767949979083608,Low Risk
9153-BTBVV,0,0,0.002963640312812185,Low Risk
9470-RTWDV,0,0,0.1525051797014775,Low Risk
7554-AKDQF,0,0,0.32356034681598017,Low Risk
7241-AJHFS,0,0,0.18974737858482224,Low Risk
9633-DENPU,0,0,0.12663158142976225,Low Risk
5480-XTFFL,0,0,0.012367033904209354,Low Risk
7803-XOCCZ,0,0,0.11639206577507806,Low Risk
6549-BTYPG,0,0,0.021624593834255357,Low Risk
9114-AAFQH,0,0,0.09930756778133445,Low Risk
3572-UUHRS,0,0,0.015243388704794181,Low Risk
7666-WKRON,1,0,0.09686372242297865,Low Risk
5192-EBGOV,1,1,0.7993614928504111,High Risk
6502-MJQAE,1,1,0.6894328021089732,Medium Risk
6400-BWQKW,1,1,0.6161175906515549,Medium Risk
5928-QLDHB,0,1,0.6753019538063583,Medium Risk
4376-KFVRS,0,0,0.04394752294350922,Low Risk
3528-HFRIQ,0,0,0.12562081396588703,Low Risk
2718-YSKCS,0,0,0.0024038590039082985,Low Risk
2434-EEVDB,0,0,0.05495044752500293,Low Risk
6506-EYCNH,0,0,0.08206958208589055,Low Risk
3396-DKDEL,0,0,0.047130460543817705,Low Risk
3269-ATYWD,1,1,0.5571197479451768,Medium Risk
1159-WFSGR,0,0,0.13574656723813744,Low Risk
9835-ZIITK,1,0,0.25110106818297845,Low Risk
9279-CJEOJ,0,1,0.6859966526063949,Medium Risk
4720-VSTSI,1,0,0.3171577571426744,Low Risk
1360-JYXKQ,0,0,0.2763090755564288,Low Risk
8388-FYNPZ,0,0,0.28316925008080696,Low Risk
7868-TMWMZ,0,0,0.06095779661845951,Low Risk
3466-RITXD,0,0,0.368476334461553,Low Risk
6427-FEFIG,0,0,0.05992168755622919,Low Risk
6518-PPLMZ,0,0,0.005781715329210044,Low Risk
6762-NSODU,0,0,0.005792778760298414,Low Risk
4355-CVPVS,0,0,0.14712538252507348,Low Risk
7629-WIXZF,0,0,0.27646924917817206,Low Risk
3049-NDXFL,1,1,0.6546792517478808,Medium Risk
3566-HJGPK,0,0,0.42237188927113795,Medium Risk
1460-UZPRJ,0,0,0.003428734349884421,Low Risk
3712-PKXZA,0,0,0.009273635072632432,Low Risk
1623-NLDOT,1,0,0.05166116088941757,Low Risk
5171-EPLKN,0,0,0.014781931150800126,Low Risk
5569-KGJHX,1,1,0.6351110029864535,Medium Risk
7463-IFMQU,0,0,0.0020179560098580666,Low Risk
3178-CIFOT,0,0,0.05753453814689968,Low Risk
1095-JUDTC,1,0,0.391393711160139,Low Risk
3719-TDVQB,0,0,0.00781583836025903,Low Risk
4929-XIHVW,0,1,0.7181229766246521,High Risk
8106-GWQOK,0,0,0.046025263773554384,Low Risk
4128-ETESU,0,1,0.5356792663429817,Medium Risk
0661-WCQNQ,0,0,0.06859305770987272,Low Risk
4927-WWOOZ,0,1,0.7567447502426395,High Risk
7564-GHCVB,0,0,0.020754803604406912,Low Risk
3445-HXXGF,1,0,0.1899693193637287,Low Risk
6670-MFRPK,0,0,0.04012473282519648,Low Risk
6890-PFRQX,0,0,0.20953710045626514,Low Risk
1552-CZCLL,0,0,0.015304526287542556,Low Risk
2014-MKGMH,0,0,0.40347465136430877,Medium Risk
0303-WMMRN,0,0,0.2221570696404411,Low Risk
3806-DXQOM,1,0,0.49944315755583035,Medium Risk
1724-BQUHA,1,1,0.7817502684276584,High Risk
2580-ATZSQ,0,0,0.011399822068282241,Low Risk
7945-PRBVF,0,0,0.010746774059249719,Low Risk
3898-GUYTS,0,0,0.3206533845725586,Low Risk
2832-SCUCO,0,0,0.26068174168282127,Low Risk
9779-DPNEJ,0,1,0.5812268638204585,Medium Risk
4915-BFSXL,0,0,0.008673411517978563,Low Risk
5018-LXQQG,0,0,0.09034125031683442,Low Risk
1698-XFZCI,0,0,0.21144038487852185,Low Risk
1872-EBWSC,0,0,0.033012069079720256,Low Risk
4446-BZKHU,1,0,0.4294103943777668,Medium Risk
4607-CHPCA,1,0,0.4306458558742032,Medium Risk
9475-NNDGC,0,0,0.14554241541475668,Low Risk
3841-CONLJ,0,1,0.6764546298419238,Medium Risk
2294-DMMUS,0,0,0.13023819345737384,Low Risk
5921-NGYRH,0,0,0.1140385192487598,Low Risk
1897-OKVMW,0,0,0.017160273996129034,Low Risk
5117-IFGPS,0,1,0.6524499004125338,Medium Risk
3866-MDTUB,1,1,0.5064967032129147,Medium Risk
1194-SPVSP,0,0,0.2032367085189984,Low Risk
6905-NIQIN,1,0,0.3006084827505821,Low Risk
6813-GZQCG,0,0,0.011348808949992649,Low Risk
9896-UYMIE,0,0,0.11136836112401474,Low Risk
8849-GYOKR,1,0,0.14930613214028138,Low Risk
5816-JMLGY,0,0,0.015479463268668238,Low Risk
3990-QYKBE,1,1,0.670035898427296,Medium Risk
6161-UUUTA,1,1,0.7413838487525239,High Risk
0396-UKGAI,0,0,0.1344590481953256,Low Risk
0512-FLFDW,0,0,0.27772753669461075,Low Risk
2946-KIQSP,0,0,0.18027471219317326,Low Risk
0187-WZNAB,0,0,0.21808163661108043,Low Risk
6867-ACCZI,0,0,0.05571575294269498,Low Risk
7024-OHCCK,1,1,0.8397207374364863,High Risk
6481-OGDOO,1,0,0.07270591767824132,Low Risk
7377-DMMRI,1,0,0.4028407406368857,Medium Risk
1963-VAUKV,1,0,0.20402441547415404,Low Risk
5919-TMRGD,1,1,0.7017705782622377,High Risk
6994-ORCWG,0,0,0.20516118884634657,Low Risk
5144-TVGLP,0,1,0.5659444696256817,Medium Risk
0328-GRPMV,1,1,0.6978100526992347,Medium Risk
2905-KFQUV,0,1,0.6096975124063785,Medium Risk
8637-XJIVR,1,1,0.5711005050076228,Medium Risk
5150-LJNSR,0,0,0.16889851408402484,Low Risk
4826-DXMUP,0,0,0.09251633679912882,Low Risk
3518-FSTWG,0,0,0.07798700300247745,Low Risk
2929-ERCFZ,1,1,0.7199724483357445,High Risk
1455-UGQVH,1,1,0.7810198738175229,High Risk
8485-GJCDN,1,1,0.6269403264352106,Medium Risk
0459-SPZHJ,0,0,0.015982014840391186,Low Risk
2169-RRLFW,0,0,0.0027896332177310924,Low Risk
8818-DOPVL,0,1,0.5783933994707909,Medium Risk
1207-BLKSA,0,0,0.00627147850243562,Low Risk
7593-XFKDI,1,0,0.34014772813938016,Low Risk
5393-RXQSZ,1,1,0.6747054830690589,Medium Risk
5183-KLYEM,0,0,0.048809162945309494,Low Risk
0923-PNFUB,1,1,0.607833200412449,Medium Risk
4134-BSXLX,0,0,0.06861725989666066,Low Risk
1452-XRSJV,0,0,0.06120336262471325,Low Risk
4213-HKBJO,0,0,0.015383174846810992,Low Risk
7750-EYXWZ,0,0,0.3007670068625464,Low Risk
7180-PISOG,1,1,0.7173503385476524,High Risk
1356-MKYSK,0,0,0.22156497809744996,Low Risk
1212-GLHMD,0,1,0.539873825752757,Medium Risk
7228-OMTPN,1,1,0.7625298497677879,High Risk
7682-AZNDK,0,0,0.41330608965155935,Medium Risk
6286-SUUWT,0,0,0.19751581482140623,Low Risk
3500-RMZLT,1,0,0.40699779593071583,Medium Risk
4729-XKASR,1,1,0.5528884531527775,Medium Risk
8364-TRMMK,1,0,0.4732348438450583,Medium Risk
1000-AJSLD,1,0,0.2548585362836173,Low Risk
4393-OBCRR,0,0,0.10827597758073504,Low Risk
0942-KOWSM,0,0,0.037270859368751415,Low Risk
0870-VEMYL,1,0,0.16864565929727154,Low Risk
3454-JFUBC,0,0,0.003363584259040202,Low Risk
2592-YKDIF,0,0,0.20421000805369968,Low Risk
6941-PMGEP,1,1,0.7268633725951655,High Risk
0511-JTEOY,1,1,0.532463989995553,Medium Risk
4323-ELYYB,0,0,0.059247866511753934,Low Risk
9500-LTVBP,0,0,0.2468447889104466,Low Risk
8120-JDCAM,0,1,0.5590087509235381,Medium Risk
1335-NTIUC,0,1,0.5770899576398132,Medium Risk
6563-VNPMN,0,0,0.15116713378551822,Low Risk
0668-OGMHD,0,0,0.295451089755265,Low Risk
0311-UNPFF,1,1,0.5549187773292952,Medium Risk
9282-IZGQK,1,1,0.7928111320803016,High Risk
4695-WJZUE,1,1,0.811597429658728,High Risk
5527-ACHSO,0,0,0.2954838234223235,Low Risk
5140-FOMCQ,0,0,0.17776145545798108,Low Risk
0410-IPFTY,0,0,0.4391059057974277,Medium Risk
1333-PBMXB,0,0,0.0174027343095377,Low Risk
1915-OAKWD,0,0,0.0748125752569483,Low Risk
5707-ORNDZ,1,0,0.34501665536926807,Low Risk
7969-AULMZ,1,1,0.7165747576828995,High Risk
2700-LUEVA,0,0,0.18600554057011462,Low Risk
9099-FTUHS,0,0,0.21466573277534565,Low Risk
8699-ASUFO,1,1,0.668434715068334,Medium Risk
7181-OQCUT,0,0,0.45044589219926406,Medium Risk
3096-YXENJ,0,0,0.09081405528810363,Low Risk
2495-INZWQ,1,1,0.7331012074453002,High Risk
2193-SFWQW,0,0,0.02289340577452716,Low Risk
3908-MKIMJ,0,0,0.016103970219165827,Low Risk
6736-DHUQI,0,0,0.03486589552160471,Low Risk
2868-MZAGQ,1,1,0.7445964775535745,High Risk
8905-IAZPF,0,0,0.1421540778235175,Low Risk
1215-FIGMP,0,0,0.2607395125440108,Low Risk
0772-GYEQQ,1,1,0.5407300619791513,Medium Risk
9995-HOTOH,0,0,0.022046462013565,Low Risk
7579-KKLOE,0,0,0.013669240419619933,Low Risk
3594-UVONA,1,0,0.10062560807239869,Low Risk
6641-XRPSU,1,0,0.32941200899102907,Low Risk
5707-ZMDJP,0,0,0.01079355191501291,Low Risk
3307-TLCUD,0,0,0.24432280907530102,Low Risk
4797-AXPXK,1,0,0.2537570890520239,Low Risk
4869-EPIUS,0,0,0.2118717907347729,Low Risk
8563-IIOXK,1,0,0.19671332915168452,Low Risk
2773-OVBPK,0,0,0.08226369168387884,Low Risk
1353-LJWEM,0,0,0.279009611835513,Low Risk
5868-YTYKS,0,0,0.22489397982728201,Low Risk
8713-IGZSO,0,0,0.23049248010316792,Low Risk
6050-FFXES,0,0,0.06448221197598808,Low Risk
9300-RENDD,1,1,0.7215705881442599,High Risk
4183-MYFRB,0,1,0.5667600298598728,Medium Risk
3339-EAQNV,0,0,0.193216819597177,Low Risk
2545-EBUPK,0,1,0.8169505059112256,High Risk
4990-ALDGW,0,0,0.0036100904882870664,Low Risk
0970-ETWGE,1,1,0.7731066340622829,High Risk
3671-SHRSP,1,0,0.4917846095940002,Medium Risk
2308-STERM,0,0,0.2007867462469602,Low Risk
1219-NNDDO,0,1,0.6820567707573834,Medium Risk
3508-CFVZL,0,0,0.0385590911391088,Low Risk
3387-PLKUI,0,0,0.1169654671318498,Low Risk
9702-AIUJO,0,0,0.04348752011651687,Low Risk
8337-UPOAQ,1,1,0.7693995657069799,High Risk
1728-CXQBE,0,0,0.38314190772660967,Low Risk
5134-IKDAY,1,1,0.6763617305503917,Medium Risk
9638-JIQYA,0,1,0.5615010689364989,Medium Risk
6647-ZEDXT,0,0,0.23316879399585566,Low Risk
1579-KLYDT,1,1,0.7209598778399111,High Risk
3985-HOYPM,0,0,0.03668027811534262,Low Risk
6705-LNMDD,0,0,0.1452198643884366,Low Risk
6917-FIJHC,0,0,0.0037358104738596364,Low Risk
4640-UHDOS,1,0,0.3637882962333344,Low Risk
1414-YADCW,0,0,0.011425812803495559,Low Risk
5960-MVTUK,0,1,0.5610784079934946,Medium Risk
0637-KVDLV,1,1,0.7234945254645984,High Risk
5451-YHYPW,0,0,0.0597475671616006,Low Risk
5813-UECBU,1,0,0.3907507057340218,Low Risk
9947-OTFQU,1,1,0.5695740334702948,Medium Risk
1816-FLZDK,0,0,0.4171733519331491,Medium Risk
3005-NFMTA,1,0,0.4475991329902712,Medium Risk
4710-NKCAW,0,0,0.15308743996079463,Low Risk
4290-BSXUX,1,1,0.5830997585720521,Medium Risk
6266-QHOJZ,0,0,0.0779123682850935,Low Risk
6047-SUHPR,0,0,0.040491025170425944,Low Risk
6010-DDPPW,0,0,0.003124938210443744,Low Risk
4374-YMUSQ,0,0,0.1453260829719429,Low Risk
1958-RNRKS,0,0,0.23526450030147708,Low Risk
7176-WIONM,0,1,0.6055453183707521,Medium Risk
9483-GCPWE,0,0,0.06842306192753314,Low Risk
1264-FUHCX,0,0,0.09261332542291051,Low Risk
8887-IPQNC,0,0,0.39411291919068736,Low Risk
2921-XWDJH,0,0,0.4352802446639812,Medium Risk
5574-NXZIU,0,0,0.03066719048749396,Low Risk
8644-XLFBW,1,1,0.712737208022329,High Risk
4811-JBUVU,0,0,0.41889171774950434,Medium Risk
8970-ANWXO,0,0,0.21259382692719447,Low Risk
0602-DDUML,0,0,0.011465033835722397,Low Risk
5671-RQRLP,0,0,0.05465481322007568,Low Risk
9959-WOFKT,0,0,0.04210200699632641,Low Risk
1208-NBVFH,0,0,0.29370692821515665,Low Risk
6976-BWGLQ,0,0,0.0024020422518057642,Low Risk
2178-PMGCJ,0,0,0.42464745708869367,Medium Risk
7610-TVOPG,0,0,0.2355485399469569,Low Risk
7240-ETPTR,1,1,0.7091809093911186,High Risk
6518-LGAOV,1,1,0.5567084804347837,Medium Risk
2826-DXLQO,0,0,0.3858221530209877,Low Risk
5949-HGVJL,0,0,0.31579330990447446,Low Risk
3489-VSFRD,0,0,0.0192437487802495,Low Risk
2812-REYAT,0,0,0.018687066206238962,Low Risk
9633-XQABV,0,1,0.6833218448415834,Medium Risk
4102-OQUPX,1,1,0.7777850883582803,High Risk
2900-PHPLN,0,0,0.003448532980842713,Low Risk
9894-QMIMJ,0,0,0.09019633793973061,Low Risk
7596-ZYWBB,0,0,0.005648329457180313,Low Risk
5440-FLBQG,1,0,0.08579313606852933,Low Risk
3063-QFSZL,1,1,0.5883890321862072,Medium Risk
4873-ILOLJ,1,1,0.6354618928660043,Medium Risk
3003-CMDUU,0,1,0.5704901382749118,Medium Risk
7279-NMVJC,0,0,0.0592253210220933,Low Risk
6478-HRRCZ,0,0,0.04334555696525247,Low Risk
3678-MNGZX,0,0,0.002009817261089511,Low Risk
5902-WBLSE,0,0,0.002439059374795806,Low Risk
7722-CVFXN,0,0,0.22829712884619532,Low Risk
2223-KAGMX,1,0,0.11937032703984383,Low Risk
9803-FTJCG,0,0,0.01155900416474073,Low Risk
6060-QBMGV,0,0,0.0019800973517684053,Low Risk
2858-EIMXH,0,0,0.30546948429230825,Low Risk
4741-WWJQZ,0,1,0.5112108417741524,Medium Risk
9845-PEEKO,0,0,0.06299773803121382,Low Risk
9167-APMXZ,0,1,0.5692516410490998,Medium Risk
9800-ONTFE,0,0,0.4789655015258022,Medium Risk
3621-CHYVB,0,0,0.0826373002492455,Low Risk
3177-LASXD,1,1,0.6167733212232991,Medium Risk
1465-VINDH,1,1,0.6449566074225813,Medium Risk
2055-SIFSS,0,0,0.09065280319619543,Low Risk
0804-YGEQV,0,0,0.02863767800044402,Low Risk
3346-BRMIS,1,1,0.6616872430093472,Medium Risk
3130-ICDUP,0,0,0.42225720993957006,Medium Risk
0732-OCQOC,0,0,0.008610358557315656,Low Risk
4012-YCFAI,0,0,0.007195476085631725,Low Risk
7346-MEDWM,0,0,0.28455977037160873,Low Risk
7036-TYDEC,0,0,0.08054895376165638,Low Risk
6615-NGGZJ,1,1,0.7118936557091231,High Risk
3441-CGZJH,0,0,0.08051150183805336,Low Risk
0208-BPQEJ,0,0,0.12272846683773161,Low Risk
2229-DPMBI,0,0,0.03769004852238595,Low Risk
7159-FVYPK,0,0,0.44774027566106317,Medium Risk
7544-ZVIKX,0,0,0.1825093020436838,Low Risk
6366-XIVKZ,0,0,0.2710171440260632,Low Risk
7137-NAXML,0,0,0.04202643248985867,Low Risk
7126-RBHSD,0,0,0.4638088890416777,Medium Risk
1428-IEDPR,0,0,0.11395897060537928,Low Risk
9465-RWMXL,1,1,0.5089322728491034,Medium Risk
2908-ZTPNF,0,0,0.15447672751395275,Low Risk
4176-RELJR,0,0,0.0034808554807027607,Low Risk
3001-UNBTL,0,1,0.6563151306869376,Medium Risk
6067-NGCEU,0,0,0.24094395525399598,Low Risk
2479-BRAMR,1,0,0.30173395547888954,Low Risk
3161-ONRWK,0,0,0.014028471155657429,Low Risk
6349-JDHQP,0,0,0.004470715270487251,Low Risk
1619-YWUBB,0,0,0.0043009844374061875,Low Risk
2761-OCIAX,1,1,0.6742670816541994,Medium Risk
2683-JXWQQ,0,0,0.038518646801023446,Low Risk
9585-KKMFD,0,0,0.01024640259416887,Low Risk
7524-VRLPL,0,0,0.009526876924823109,Low Risk
3780-DDGSE,0,0,0.2375091758241333,Low Risk
2207-OBZNX,1,0,0.2652770970641111,Low Risk
0023-UYUPN,0,0,0.028576651779088576,Low Risk
5975-BAICR,0,0,0.0669137509423284,Low Risk
2669-OIDSD,0,0,0.3237169386746039,Low Risk
8146-QQKZH,0,0,0.009850156197047964,Low Risk
2307-FYNNL,0,0,0.09887508250947655,Low Risk
2985-FMWYF,0,1,0.7250823415389279,High Risk
5387-ASZNZ,0,0,0.018850645299841522,Low Risk
5349-AZPEW,0,0,0.442504751925326,Medium Risk
9481-IEBZY,0,0,0.1981067654759471,Low Risk
9818-XQCUV,0,0,0.19658298343531833,Low Risk
3750-RNQKR,0,0,0.1327729638582083,Low Risk
5442-UTCVD,1,1,0.6567613024613028,Medium Risk
3649-JPUGY,0,0,0.01970341616657161,Low Risk
2195-VVRJF,0,0,0.27437476670653144,Low Risk
1271-UODNO,0,0,0.032802973052796135,Low Risk
0118-JPNOY,0,0,0.3796070641517058,Low Risk
9499-XPZXM,0,0,0.005121036613964193,Low Risk
7343-EOBEU,0,0,0.30222123819166535,Low Risk
3877-JRJIP,1,1,0.6119552480605709,Medium Risk
5498-TXHLF,1,0,0.4494807653038883,Medium Risk
3969-GYXEL,0,0,0.423129308589683,Medium Risk
5730-DBDSI,0,0,0.0024216365698334673,Low Risk
2868-SNELZ,1,1,0.5750782613442565,Medium Risk
7797-EJMDP,0,0,0.2018303221056897,Low Risk
4067-HLYQI,0,0,0.358143403170088,Low Risk
4231-LZUYM,0,0,0.0028706983896775425,Low Risk
3638-WEABW,0,0,0.015190930892925352,Low Risk
5060-TQUQN,0,0,0.305623346702681,Low Risk
7802-EFKNY,1,1,0.6361015286240838,Medium Risk
7576-JMYWV,0,0,0.3640074154633276,Low Risk
3496-LFSZU,0,1,0.5981959603513972,Medium Risk
4795-WRNVT,0,0,0.07641108375206182,Low Risk
3938-YFPXD,0,0,0.010572674400618444,Low Risk
6651-AZVTJ,1,1,0.5072708803896477,Medium Risk
3658-KIBGF,1,0,0.366947230559556,Low Risk
4143-HHPMK,1,0,0.3228178749795084,Low Risk
4821-WQOYN,0,0,0.0021381156778780084,Low Risk
4291-HYEBC,0,0,0.28049520415151735,Low Risk
8849-AYPTR,0,0,0.4923538319618942,Medium Risk
3898-BSJYF,0,0,0.10883498934110003,Low Risk
7562-GSUHK,1,0,0.49499465873460385,Medium Risk
3523-QRQLL,1,0,0.18451376463105457,Low Risk
9661-JALZV,0,0,0.006867877479082677,Low Risk
4670-TABXH,0,0,0.06415404419036565,Low Risk
7966-YOTQW,0,0,0.2876541190314114,Low Risk
3694-GLTJM,0,0,0.21996644104976107,Low Risk
8835-VSDSE,1,1,0.6990753604982372,Medium Risk
3721-CNEYS,1,1,0.6860458791741577,Medium Risk
9667-TKTVZ,0,0,0.4004742277575393,Medium Risk
2927-CVULT,0,0,0.05301615452921433,Low Risk
6595-YGXIT,1,1,0.6185719095428971,Medium Risk
0864-FVJNJ,0,0,0.11340111107136275,Low Risk
4537-DKTAL,0,0,0.42878825595946496,Medium Risk
3466-WAESX,0,0,0.31646102845280355,Low Risk
2483-XSSMZ,0,0,0.07474962748206222,Low Risk
4163-KIUHY,0,0,0.10858304758803503,Low Risk
8486-AYEQH,0,1,0.5050372755505771,Medium Risk
0516-WJVXC,1,0,0.2346626787286943,Low Risk
5304-EFJLP,0,0,0.08264765587382661,Low Risk
4137-BTIKL,0,1,0.5264896905238929,Medium Risk
2863-IMQDR,0,0,0.02024474654599792,Low Risk
2930-UOTMB,1,0,0.08564299869502805,Low Risk
5673-TIYIB,1,0,0.4082891715812149,Medium Risk
3645-DEYGF,0,0,0.17061846255037508,Low Risk
1099-GODLO,0,0,0.05131280488420466,Low Risk
1955-IBMMB,0,0,0.0047970660247514466,Low Risk
6857-VWJDT,1,1,0.6912335941958923,Medium Risk
6410-LEFEN,1,0,0.36204939107965284,Low Risk
6692-UDPJC,1,1,0.5880848794323461,Medium Risk
7858-GTZSP,0,1,0.7274081434407501,High Risk
5232-NXPAY,0,0,0.02786612721404618,Low Risk
1355-KUSBG,0,0,0.42200063656142817,Medium Risk
1174-FGIFN,0,0,0.35551406646634043,Low Risk
8750-QWZAJ,0,0,0.0019031627947999495,Low Risk
7850-THJMU,0,0,0.014934989390063182,Low Risk
0310-MVLET,1,0,0.40289563789577143,Medium Risk
2623-DRYAM,0,0,0.27116000461477063,Low Risk
1905-OEILC,0,0,0.20738428377321774,Low Risk
6899-PPEEA,1,1,0.6550155619591713,Medium Risk
3104-OWCGK,1,0,0.10720529528082269,Low Risk
5287-QWLKY,1,0,0.21695102320391507,Low Risk
2603-HVKCG,0,1,0.5400802167974734,Medium Risk
9845-QOMAD,0,0,0.057962797461699356,Low Risk
4816-OKWNX,0,0,0.15771073682335834,Low Risk
9103-CXVOK,0,0,0.24004738668699305,Low Risk
2845-AFFTX,1,1,0.6485611269658413,Medium Risk
7776-QWNFX,1,0,0.19257983628575712,Low Risk
1468-DEFNC,0,0,0.005480791274219504,Low Risk
7905-NJMXS,0,0,0.26037723573466276,Low Risk
1866-OBPNR,0,0,0.4388572598837085,Medium Risk
3720-DBRWL,0,0,0.019746635040108,Low Risk
5073-RZGBK,0,0,0.04284571097478261,Low Risk
0129-QMPDR,0,0,0.01932933895980132,Low Risk
2560-PPCHE,0,0,0.15852426771343317,Low Risk
1496-GGSUK,1,1,0.6321752043294785,Medium Risk
4671-LXRDQ,1,0,0.41565782038626725,Medium Risk
9432-RUVSL,0,0,0.06804819535890326,Low Risk
3992-YWPKO,1,1,0.5923189612820486,Medium Risk
8980-WQFWL,0,0,0.26696471938114014,Low Risk
0212-ISBBF,0,1,0.530374730621399,Medium Risk
7722-VJRQD,0,0,0.010067466189355013,Low Risk
4135-FRWKJ,0,0,0.04184628948981468,Low Risk
5161-UBZXI,0,0,0.02930165506409019,Low Risk
5327-XOKKY,0,0,0.03434075415638391,Low Risk
3988-RQIXO,1,1,0.8013708679865293,High Risk
0479-HMSWA,0,0,0.16844532440944474,Low Risk
6923-AQONU,0,0,0.016949951299125975,Low Risk
5562-YJQGT,0,0,0.18745025273498275,Low Risk
7598-UAASY,1,1,0.5989921095896179,Medium Risk
7251-LJBQN,0,0,0.317236363825809,Low Risk
4910-GMJOT,1,1,0.8196366174307264,High Risk
0257-ZESQC,1,0,0.3481886437083218,Low Risk
4765-OXPPD,1,0,0.11705633618854928,Low Risk
6583-QGCSI,1,0,0.4571428000505724,Medium Risk
9805-FILKB,0,0,0.017388737489645714,Low Risk
2706-QZIHY,0,0,0.04003830446952263,Low Risk
7673-LPRNY,0,0,0.2579100600811907,Low Risk
6778-YSNIH,0,1,0.5129561391411426,Medium Risk
9050-QLROH,1,1,0.5791296473588781,Medium Risk
0707-HOVVN,0,0,0.017002613718150105,Low Risk
7102-JJVTX,0,0,0.10937279396123097,Low Risk
1810-MVMAI,0,0,0.09989256906789623,Low Risk
7993-NQLJE,0,0,0.2850842395110844,Low Risk
9281-OFDMF,0,0,0.44109213231971206,Medium Risk
6789-HJBWG,0,0,0.37199916298441765,Low Risk
2139-FQHLM,0,0,0.33614373124953434,Low Risk
3723-BFBGR,0,0,0.19891625253106482,Low Risk
0639-TSIQW,1,0,0.16458113556483048,Low Risk
8626-PTQGE,0,0,0.01445323641554369,Low Risk
3541-ZNUHK,0,0,0.20421948574380253,Low Risk
4568-KNYWR,0,0,0.01603689969179588,Low Risk
9658-WYUFB,1,1,0.5396542176576633,Medium Risk
0997-YTLNY,0,0,0.140113590281956,Low Risk
3208-YPIOE,1,0,0.36368531307983876,Low Risk
7707-PYBBH,0,0,0.05917063823694681,Low Risk
9313-QOLTZ,0,0,0.06603713420420886,Low Risk
6654-QGBZZ,0,0,0.20588598826949722,Low Risk
6877-LGWXO,1,1,0.6024384364051008,Medium Risk
8020-BWHYL,1,0,0.4808021551094029,Medium Risk
3594-IVHJZ,0,0,0.25379968681575027,Low Risk
9507-EXLTT,1,1,0.6788647736174688,Medium Risk
9793-WECQC,0,0,0.42963083991767675,Medium Risk
1266-NZYUI,0,0,0.004778354473350237,Low Risk
2342-CKIAO,0,0,0.19658345254927503,Low Risk
6963-EZQEE,0,0,0.01837424062356591,Low Risk
2796-NNUFI,0,0,0.008339884771814186,Low Risk
3486-NPGST,0,0,0.023198184179054254,Low Risk
9070-BCKQP,0,0,0.05414299357895149,Low Risk
7742-MYPGI,0,0,0.2886366541227001,Low Risk
9929-PLVPA,0,0,0.15168693461606378,Low Risk
9124-LHCJQ,1,1,0.7271328462542094,High Risk
2792-LSHWX,0,0,0.3786393693928521,Low Risk
9330-IJWIO,1,1,0.677528922429674,Medium Risk
0617-AQNWT,1,0,0.01631324747937929,Low Risk
0895-UADGO,0,0,0.1082146031258185,Low Risk
7255-SSFBC,0,0,0.060958974329034264,Low Risk
5834-ASPWA,1,1,0.7342500946430405,High Risk
4132-KALRO,0,1,0.6646064476397244,Medium Risk
8064-RAVOH,0,0,0.46251462681195454,Medium Risk
8028-PNXHQ,0,0,0.005060165539616556,Low Risk
9508-ILZDG,0,0,0.4672440599237663,Medium Risk
4361-JEIVL,1,0,0.47594412946679315,Medium Risk
2430-USGXP,1,1,0.6961189225896259,Medium Risk
5965-GGPRW,0,0,0.04620816331718719,Low Risk
2542-HYGIQ,0,0,0.19669952121566397,Low Risk
1035-IPQPU,0,0,0.47964637169655416,Medium Risk
3617-XLSGQ,0,0,0.04870960036248697,Low Risk
9107-UKCKY,0,0,0.11534170937168141,Low Risk
5146-YYFRZ,0,0,0.0023174031648047597,Low Risk
5649-VUKMC,1,0,0.39121659465695335,Low Risk
3472-OAOOR,0,0,0.22657061820566554,Low Risk
0397-ZXWQF,0,0,0.0023660308931782318,Low Risk
1346-UFHAX,0,0,0.4572492226021134,Medium Risk
7252-NTGSS,0,0,0.3576649588958161,Low Risk
3198-VELRD,1,1,0.7026089798877181,High Risk
3407-QGWLG,0,0,0.20974564895073416,Low Risk
9874-QLCLH,1,1,0.6241205094897995,Medium Risk
8668-KNZTI,0,0,0.03165256147980408,Low Risk
8249-THVEC,0,0,0.009878177165178336,Low Risk
6060-DRTNL,1,1,0.6553960208381233,Medium Risk
6773-LQTVT,0,0,0.2582204716556786,Low Risk
7853-GVUDZ,1,0,0.23400913077386284,Low Risk
4897-QSUYC,1,0,0.26441207222260565,Low Risk
5197-PYEPU,0,0,0.150747436954519,Low Risk
3785-NRHYR,0,0,0.19860454735914201,Low Risk
6087-MVHJH,1,1,0.7088097327645397,High Risk
1685-VAYJF,0,0,0.24712123035213276,Low Risk
9912-GVSEQ,1,1,0.6498931329882427,Medium Risk
4636-OLWOE,0,0,0.03269711381368841,Low Risk
9600-UDOPK,1,1,0.5789462715416034,Medium Risk
8631-NBHFZ,1,0,0.007700276158854885,Low Risk
1053-MXTTK,0,0,0.0329130342051015,Low Risk
3549-ZTMNH,0,0,0.05369122542839873,Low Risk
7825-ECJRF,1,0,0.4736404393990819,Medium Risk
6439-LAJXL,0,0,0.2029315984245738,Low Risk
4075-WKNIU,0,0,0.13200230187553308,Low Risk
8042-RNLKO,0,0,0.00752889794217039,Low Risk
4881-JVQOD,0,1,0.5755235201058846,Medium Risk
9593-CVZKR,0,0,0.007053994136826844,Low Risk
9972-EWRJS,0,0,0.0031571147094827125,Low Risk
9888-ZCUMM,0,0,0.01805641659346861,Low Risk
1265-ZFOSD,0,0,0.013973052207184991,Low Risk
6078-VESFR,0,0,0.47477625174069155,Medium Risk
0306-JAELE,1,1,0.6687600572525471,Medium Risk
7075-BNDVQ,0,0,0.3623744253356576,Low Risk
2208-MPXIO,0,0,0.008946879318084359,Low Risk
3096-GKWEB,0,1,0.7378496860298619,High Risk
7404-JLKQG,0,0,0.4661963511701438,Medium Risk
5049-GLYVG,1,0,0.1951723469611066,Low Risk
6704-UTUKK,0,0,0.49847261094678835,Medium Risk
9397-TZSHA,0,0,0.0028424285378300584,Low Risk
4686-UXDML,0,1,0.5851775634993218,Medium Risk
3808-HFKDE,0,0,0.3378962673752004,Low Risk
3580-HYCSP,0,0,0.057674774097257034,Low Risk
9795-VOWON,0,0,0.34517018169501396,Low Risk
2159-TURXX,0,0,0.16010713272210778,Low Risk
0096-BXERS,0,0,0.46390424272984526,Medium Risk
6507-DTJZV,0,0,0.2901167086786491,Low Risk
9962-BFPDU,0,0,0.1884710021826458,Low Risk
4587-NUKOX,1,1,0.5369462033101765,Medium Risk
4060-LDNLU,0,1,0.7148802944892673,High Risk
2379-ENZGV,1,1,0.6475378955286976,Medium Risk
4877-EVATK,1,0,0.19733479749363222,Low Risk
9442-JTWDL,0,0,0.07242732947548546,Low Risk
2748-MYRVK,1,0,0.1559787434554189,Low Risk
3966-HRMZA,0,1,0.5486451956781593,Medium Risk
2862-JVEOY,0,0,0.09255947372366836,Low Risk
9489-DEDVP,0,0,0.01087454855628283,Low Risk
9469-WEJBT,0,0,0.4148059171659281,Medium Risk
2384-OVPSA,0,0,0.011332847723622799,Low Risk
2186-QZEYA,0,0,0.18195909382480113,Low Risk
6202-JVYEU,0,0,0.14570681528181084,Low Risk
6419-ZTTLE,0,0,0.09532074269256659,Low Risk
1891-UAWWU,1,1,0.632718507764984,Medium Risk
6963-KQYQB,0,0,0.002655674215089197,Low Risk
2521-NPUZR,0,0,0.018471272270032594,Low Risk
8242-SOQUO,0,1,0.6981286123227869,Medium Risk
9823-EALYC,0,0,0.008165443131686574,Low Risk
2314-TNDJQ,0,0,0.00569969311694508,Low Risk
9714-EDSUC,0,0,0.40010145250733853,Medium Risk
1383-EZRWL,1,0,0.1624205070482445,Low Risk
6617-WLBQC,0,0,0.1631023511008758,Low Risk
6652-YFFJO,0,1,0.5420299514219866,Medium Risk
1401-FTHFQ,0,0,0.0487566473845342,Low Risk
1803-BGNBD,0,0,0.29304042180289513,Low Risk
1470-PSXNM,0,0,0.23887839335112612,Low Risk
9185-TQCVP,1,1,0.716786692106101,High Risk
6481-LXPWL,0,0,0.03936192664143845,Low Risk
5066-GFJMM,0,0,0.25635749388488827,Low Risk
7519-JTWQH,0,0,0.0732538225858988,Low Risk
9957-YODKZ,0,1,0.7330069784047651,High Risk
8430-TWCBX,0,0,0.012582899397913136,Low Risk
5955-ERIHD,1,1,0.7378584235744553,High Risk
5186-SAMNZ,1,1,0.6536550423390012,Medium Risk
5759-RCVCB,1,1,0.5201730964378746,Medium Risk
0220-EBGCE,1,1,0.7227391354027679,High Risk
7427-AUFPY,0,0,0.0039975167123091114,Low Risk
3221-CJMSG,0,0,0.15908069859131432,Low Risk
4194-FJARJ,0,0,0.009142971253082987,Low Risk
8138-EALND,0,0,0.1110631607628787,Low Risk
8345-MVDYC,0,0,0.0200612690333243,Low Risk
6119-SPUDB,0,0,0.01426463849489586,Low Risk
1202-KKGFU,0,0,0.1511973012384965,Low Risk
6556-DBKZF,0,0,0.0312709170712783,Low Risk
6339-DKLMK,0,0,0.4905099165598289,Medium Risk
1977-STDKI,1,1,0.699799237184341,Medium Risk
4001-TSBTV,0,0,0.275101420835188,Low Risk
7912-SYRQT,1,1,0.6362558107043572,Medium Risk
4779-ZGICK,0,0,0.007157766493340104,Low Risk
0670-ANMUU,0,0,0.04938638228354726,Low Risk
8735-NBLWT,0,0,0.12301575338642289,Low Risk
8930-XOTDP,0,0,0.23373828116214546,Low Risk
6380-ARCEH,0,0,0.19661197945862016,Low Risk
1167-OYZJF,0,0,0.004130652475475663,Low Risk
1628-BIZYP,0,1,0.7018752060415091,High Risk
6284-KMNUF,0,0,0.258719930862126,Low Risk
4676-WLUHT,0,0,0.017268049920981014,Low Risk
2138-VFAPZ,0,0,0.038743089911616346,Low Risk
8648-PFRMP,0,1,0.6838912034016693,Medium Risk
8097-VBQTZ,0,0,0.04847550314032425,Low Risk
6087-YPWHO,0,0,0.004698070319278587,Low Risk
8109-YUOHE,0,0,0.07000673515271322,Low Risk
3807-XHCJH,0,0,0.24837733169467974,Low Risk
0524-IAVZO,1,1,0.6287252322435115,Medium Risk
8957-THMOA,0,0,0.00435514879577359,Low Risk
7521-YXVZY,0,0,0.15957056691291302,Low Risk
7077-XJMET,0,0,0.4318065256612897,Medium Risk
9625-QSTYE,1,1,0.5404777583613664,Medium Risk
7924-GJZFI,0,1,0.5615283617608161,Medium Risk
2034-GDRCN,1,1,0.7728770490107721,High Risk
4186-ZBUEW,0,0,0.09885211137494901,Low Risk
4026-SKKHW,0,0,0.31936361751161396,Low Risk
8548-AWOFC,0,0,0.08043465653023384,Low Risk
0680-DFNNY,1,1,0.7445136404454927,High Risk
7501-IWUNG,0,0,0.023293853752021403,Low Risk
7176-WRTNX,0,0,0.04684850581076327,Low Risk
8450-UYIBU,0,0,0.3933925978896471,Low Risk
1794-HBQTJ,1,0,0.32594841685279474,Low Risk
1862-QRWPE,0,0,0.005647815879131044,Low Risk
2996-XAUVF,0,0,0.014762590761639601,Low Risk
7145-FEJWU,0,1,0.6952932523536014,Medium Risk
6710-HSJRD,0,0,0.3779151810820946,Low Risk
7530-HDYDS,1,0,0.2162342499101338,Low Risk
8042-JVNFH,1,1,0.6001128866566523,Medium Risk
5127-BZENZ,0,0,0.03209512603908589,Low Risk
0876-WDUUZ,1,1,0.5484350784537049,Medium Risk
0356-ERHVT,0,0,0.34297657546470506,Low Risk
9912-OMZDS,0,0,0.2765005102470969,Low Risk
2275-RBYQS,0,0,0.4356660460881633,Medium Risk
0917-EZOLA,1,0,0.11191186000231097,Low Risk
2749-CTKAJ,0,0,0.03903901179013531,Low Risk
5160-UXJED,0,0,0.10571009988557428,Low Risk
7244-QWYHG,0,0,0.04999335312401933,Low Risk
4226-KKDON,0,0,0.34412413857412816,Low Risk
7018-FPXHH,0,0,0.010297531594444014,Low Risk
9897-KXHCM,1,1,0.716816137522174,High Risk
1222-KJNZD,0,0,0.04377880126262398,Low Risk
2452-KDRRH,0,0,0.35891292871233266,Low Risk
6892-EZDTG,1,1,0.7258133653861374,High Risk
6980-CDGFC,0,0,0.007775130529145252,Low Risk
5071-FBJFS,0,0,0.2862033645603009,Low Risk
4018-PPNDW,0,0,0.005677979550545829,Low Risk
9066-QRSDU,0,0,0.013567373701943768,Low Risk
0318-ZOPWS,0,0,0.008629672382744267,Low Risk
0419-YAAPX,0,0,0.2607408154651751,Low Risk
9786-IJYDL,0,0,0.10842454154111439,Low Risk
4195-PNGZS,0,0,0.0026830408844820677,Low Risk
9372-TXXPS,0,0,0.005353195917611651,Low Risk
7734-DBOAI,1,1,0.5255901483280828,Medium Risk
2858-MOFSQ,1,0,0.17988937089920523,Low Risk
8180-AKMJV,0,0,0.42669377174766016,Medium Risk
2690-DVRVK,0,0,0.11684506041357054,Low Risk
1790-NESIO,0,0,0.04449450452774227,Low Risk
8083-YTZES,1,1,0.7173385159093721,High Risk
0661-KBKPA,0,0,0.07340058298680542,Low Risk
4139-DETXS,0,0,0.008953358174693053,Low Risk
1395-WSWXR,0,0,0.018063996777384277,Low Risk
9546-KDTRB,0,0,0.12594218207065663,Low Risk
4291-HPAXL,0,0,0.17354814813261132,Low Risk
6198-ZFIOJ,0,1,0.6467402355939882,Medium Risk
7472-EQOAV,0,0,0.048336621154738975,Low Risk
5997-OPVFA,0,0,0.014965283719463743,Low Risk
5236-XMZJY,0,0,0.05835591859882864,Low Risk
3873-NFTGI,0,0,0.3023704662319992,Low Risk
8695-WDYEA,0,0,0.24704891672187623,Low Risk
4342-HENTK,1,1,0.7207049082166637,High Risk
8580-QVLOC,1,0,0.010123016697981832,Low Risk
3143-JQEGI,1,1,0.6292053258991417,Medium Risk
4465-VDKIQ,0,0,0.4374534150566789,Medium Risk
0824-VWDPO,0,0,0.13716639060634286,Low Risk
3162-KKZXO,0,0,0.3785610112404072,Low Risk
8445-DNBAE,0,1,0.5317315502558647,Medium Risk
2111-DWYHN,0,0,0.1933840543859169,Low Risk
2662-NNTDK,0,0,0.007215530264453028,Low Risk
7502-BNYGS,0,0,0.16993767309939528,Low Risk
5372-FBKBN,0,0,0.07575547496494187,Low Risk
4597-NUCQV,1,1,0.6875176887857194,Medium Risk
0020-JDNXP,0,0,0.08150607434635085,Low Risk
6599-GZWCM,0,0,0.3183698786329209,Low Risk
4342-HFXWS,0,0,0.023008916399294845,Low Risk
5035-PGZXH,0,0,0.30947491082764816,Low Risk
8216-AZUUZ,0,0,0.14552370429221284,Low Risk
5542-DHSXL,0,0,0.2169615116299663,Low Risk
8498-XXGWA,0,0,0.04019040648724752,Low Risk
6542-LWGXJ,0,0,0.49408437387295506,Medium Risk
6248-TKCQV,0,0,0.014713473608694117,Low Risk
3068-OMWZA,1,1,0.7910441576794159,High Risk
2430-RRYUW,0,0,0.014892169034878487,Low Risk
8292-TYSPY,1,0,0.1862826586374251,Low Risk
4589-IUAJB,0,0,0.003002322369511648,Low Risk
5693-PIPCS,0,0,0.09740948109682371,Low Risk
7446-KQISO,0,0,0.110490176058395,Low Risk
0048-PIHNL,0,0,0.013268396044027178,Low Risk
6284-AHOOQ,1,1,0.5020930856929171,Medium Risk
2805-EDJPQ,0,0,0.13160853625393268,Low Risk
9103-TCIHJ,1,0,0.2674641484726437,Low Risk
9402-ROUMJ,0,0,0.08575199235082688,Low Risk
5562-BETPV,0,0,0.1036468886754382,Low Risk
3167-SNQPL,0,0,0.4883197941748326,Medium Risk
0810-DHDBD,0,0,0.03070940538300952,Low Risk
1776-SPBWV,0,0,0.03318973226290855,Low Risk
9537-JALFH,0,0,0.0018941786448426314,Low Risk
0702-PGIBZ,1,1,0.7246105587154542,High Risk
3055-VTCGS,0,0,0.03055799152648986,Low Risk
9548-LERKT,0,0,0.01947152201062359,Low Risk
6794-HKIAJ,0,0,0.10683388320388056,Low Risk
9531-NSBMR,0,0,0.03372043635878238,Low Risk
6368-NWMCE,0,0,0.12428172953724176,Low Risk
0643-OKLRP,1,0,0.27642369993060256,Low Risk
9948-YPTDG,1,0,0.2709369470899389,Low Risk
4879-GZLFH,0,1,0.5015562693050731,Medium Risk
8098-TDCBU,0,0,0.01632148185029468,Low Risk
5122-CYFXA,0,0,0.4735353214747017,Medium Risk
9889-TMAHG,1,0,0.407958140419249,Medium Risk
5357-TZHPP,1,1,0.6901269508354602,Medium Risk
1474-JUWSM,0,0,0.05743198986372962,Low Risk
8399-YNDCH,1,0,0.3192792970946778,Low Risk
3847-BAERP,0,0,0.1872030630917788,Low Risk
9402-CXWPL,0,0,0.1783458323137469,Low Risk
5049-MUBWG,0,0,0.07550405143720516,Low Risk
4039-HEUNW,1,1,0.6405106554668104,Medium Risk
5803-NQJZO,0,0,0.006775589299796622,Low Risk
4116-TZAQJ,1,0,0.4299474092507135,Medium Risk
9094-AZPHK,0,1,0.7129838366930665,High Risk
6121-TNHBO,0,0,0.023746440195523494,Low Risk
1564-HJUVY,0,0,0.31755624103019175,Low Risk
7407-SUJIZ,0,0,0.07036273994442363,Low Risk
5468-BPMMO,0,0,0.03871821320352666,Low Risk
9168-INPSZ,0,0,0.46938678467692546,Medium Risk
8942-DBMHZ,0,0,0.12476324359835167,Low Risk
8705-WZCYL,0,1,0.5139065751681537,Medium Risk
0322-YINQP,1,0,0.32733418816040327,Low Risk
7000-WCEVQ,1,0,0.4133629554647202,Medium Risk
9739-JLPQJ,0,0,0.032785955652752184,Low Risk
2794-XIMMO,1,0,0.1134734161694737,Low Risk
9565-AXSMR,0,0,0.0043375171543088955,Low Risk
2880-FPNAE,0,1,0.7189791119785078,High Risk
3316-UWXUY,0,0,0.1535487830842027,Low Risk
9824-BEMCV,1,1,0.5336028045194687,Medium Risk
3256-EZDBI,0,0,0.1183928188027208,Low Risk
1226-IENZN,0,1,0.6771638606575442,Medium Risk
2823-LKABH,0,1,0.5303802476570109,Medium Risk
6161-ERDGD,0,0,0.03456239093578339,Low Risk
2137-DQMEV,0,0,0.01693689259757771,Low Risk
2424-WVHPL,0,1,0.5623832092887395,Medium Risk
9945-PSVIP,0,0,0.022859917396180936,Low Risk
2840-XANRC,1,1,0.683949234422397,Medium Risk
8008-HAWED,1,1,0.6324810287510991,Medium Risk
0412-UCCNP,0,0,0.013122141544160403,Low Risk
6402-SSEJG,0,0,0.19439041602617926,Low Risk
8049-WJCLQ,0,0,0.2738858505606828,Low Risk
2830-LEWOA,0,0,0.08596885816495942,Low Risk
9780-FKVVF,0,0,0.3462382285254748,Low Risk
5014-GSOUQ,0,0,0.030926290288650182,Low Risk
0396-HUJBP,0,0,0.20040646413158503,Low Risk
8356-WUAOJ,0,1,0.5390083866502607,Medium Risk
5442-BHQNG,0,1,0.6138408473750181,Medium Risk
5655-JSMZM,1,1,0.5653982286764148,Medium Risk
7065-YUNRY,1,0,0.4362278896878612,Medium Risk
5161-XEUVX,0,0,0.09051705376338931,Low Risk
9068-FHQHD,0,0,0.00815482875263935,Low Risk
8017-LXHFA,1,1,0.6571529463112097,Medium Risk
0786-IVLAW,0,0,0.18192327255336796,Low Risk
6100-QQHEB,1,1,0.7169758986841168,High Risk
2642-DTVCO,1,1,0.768020966086728,High Risk
0147-ESWWR,0,1,0.5807082222542252,Medium Risk
2335-GSODA,0,0,0.031198360542168443,Low Risk
9602-WCXPI,0,0,0.010750086117333602,Low Risk
0329-GTIAJ,1,1,0.6681459393286334,Medium Risk
8241-JUIQO,0,0,0.007590236219560401,Low Risk
0581-MDMPW,0,1,0.5286770916131827,Medium Risk
9314-IJWSQ,0,1,0.6776313058769391,Medium Risk
8532-UEFWH,0,0,0.005747551501362881,Low Risk
7861-UVUFT,1,1,0.6475845964205458,Medium Risk
8383-SGHJU,0,0,0.06462461907970196,Low Risk
8755-IWJHN,0,0,0.26641052195122816,Low Risk
0123-CRBRT,0,0,0.014197362824083924,Low Risk
2223-GDSHL,0,0,0.045885990624474474,Low Risk
8189-HBVRW,0,0,0.19033522689566443,Low Risk
8495-PRWFH,0,0,0.18747177120222372,Low Risk
6092-QZVPP,0,0,0.1291777367291064,Low Risk
5129-JLPIS,0,0,0.4385097531727062,Medium Risk
1614-JBEBI,0,0,0.20017579972754784,Low Risk
0637-YLETY,1,1,0.5675537835410126,Medium Risk
0135-NMXAP,1,1,0.5978725776884748,Medium Risk
7892-POOKP,1,1,0.6231275085777118,Medium Risk
8161-QYMTT,0,1,0.7887764048905663,High Risk
3001-CBHLQ,1,1,0.6166216271213035,Medium Risk
8945-GRKHX,1,1,0.6549840386042155,Medium Risk
4625-EWPTF,1,0,0.4774537706111281,Medium Risk
1343-EHPYB,1,0,0.4370103023966056,Medium Risk
0375-HVGXO,1,1,0.7151774298290114,High Risk
0330-BGYZE,0,0,0.18171880826185377,Low Risk
5989-PGKJB,0,1,0.6015581199925862,Medium Risk
8752-GHJFU,0,0,0.08257276278521303,Low Risk
4851-BQDNX,0,0,0.25615215823238807,Low Risk
7240-FQLHE,1,1,0.5641039912011455,Medium Risk
6175-IRFIT,0,1,0.5687432702246669,Medium Risk
6538-POCHL,0,0,0.29280458791876096,Low Risk
3078-ZKNTS,0,0,0.04173678730264022,Low Risk
5777-KJIRB,0,0,0.07379947410773918,Low Risk
7923-IYJWY,0,0,0.05917955612102038,Low Risk
2810-FTLEM,1,0,0.2741995586053624,Low Risk
1265-HVPZB,0,0,0.02163760566985892,Low Risk
9796-BPKIW,0,1,0.573533545984542,Medium Risk
9178-JHUVJ,0,0,0.031137683890247608,Low Risk
4732-RRJZC,0,0,0.14085437208710602,Low Risk
7010-BRBUU,0,0,0.002120207468363977,Low Risk
9688-YGXVR,0,0,0.2974886821999258,Low Risk
9286-DOJGF,1,0,0.43381571520849194,Medium Risk
6994-KERXL,0,1,0.5455101032096161,Medium Risk
2181-UAESM,0,0,0.3146276717997656,Low Risk
4312-GVYNH,0,0,0.012117549438220703,Low Risk
2495-KZNFB,0,0,0.48547408115255136,Medium Risk
4367-NHWMM,0,1,0.599108657657502,Medium Risk
8898-KASCD,0,0,0.05824920684919102,Low Risk
8016-NCFVO,0,0,0.3380250588819053,Low Risk
4578-PHJYZ,0,0,0.04948617079893257,Low Risk
2091-MJTFX,1,0,0.22708663719018274,Low Risk
2277-DJJDL,0,0,0.4407414482593737,Medium Risk
2511-MORQY,0,0,0.042048575801039,Low Risk
2731-GJRDG,0,0,0.2613667376853692,Low Risk
1784-EZDKJ,0,0,0.27577836724966853,Low Risk
2468-SJFLM,0,1,0.5206882422779809,Medium Risk
5115-SQAAU,0,0,0.003780844227314297,Low Risk
8708-XPXHZ,1,1,0.5813140825299596,Medium Risk
0601-WZHJF,1,1,0.5703676370916965,Medium Risk
0463-TXOAK,0,0,0.005151105828147488,Low Risk
4683-WYDOU,0,0,0.10385973979494657,Low Risk
1166-PQLGG,0,0,0.0017577430138424682,Low Risk
0963-ZBDRN,1,0,0.4983864228063453,Medium Risk
4871-JTKJF,1,1,0.73209137155578,High Risk
7173-TETGO,0,0,0.02769930146215411,Low Risk
4193-ORFCL,1,0,0.39501387064664606,Low Risk
2692-PFYTJ,0,0,0.3103199281243231,Low Risk
2369-UAPKZ,1,1,0.6118001028932648,Medium Risk
5193-QLVZB,0,0,0.10615068980960311,Low Risk
0379-DJQHR,0,0,0.009455372514086773,Low Risk
4657-FWVFY,0,0,0.35414287172667663,Low Risk
0623-EJQEG,0,0,0.09101083557615826,Low Risk
1699-TLDLZ,0,0,0.025522860257370255,Low Risk
4501-UYKBC,0,0,0.09491470592201807,Low Risk
8158-WPEZG,0,0,0.42118059886504594,Medium Risk
9732-EQMWY,0,0,0.3836374107544952,Low Risk
1099-BTKWT,0,0,0.07356953459577668,Low Risk
4815-TUMEQ,0,0,0.10867685036080331,Low Risk
6407-UTSLV,0,1,0.6538528896524013,Medium Risk
0018-NYROU,0,1,0.6853796466170293,Medium Risk
4632-XJMEX,0,0,0.011136946624024943,Low Risk
1409-PHXTF,0,0,0.16513575603035138,Low Risk
8229-TNIQA,1,0,0.4066850755632642,Medium Risk
0529-ONKER,1,1,0.5924168007097901,Medium Risk
3675-YDUPJ,0,0,0.1809349116171036,Low Risk
4484-CGXFK,1,1,0.5719906543152615,Medium Risk
4443-EMBNA,0,0,0.003051757677026094,Low Risk
4280-DLSHD,0,0,0.32018659421524076,Low Risk
9300-AGZNL,1,1,0.8368311024517086,High Risk
2789-CZANW,0,0,0.03778639792091472,Low Risk
8464-EETCQ,0,0,0.0035466960146175665,Low Risk
7216-EWTRS,1,1,0.8396121992168565,High Risk
4468-KAZHE,0,0,0.4211535668502993,Medium Risk
8623-ULFNQ,0,0,0.3657650303420313,Low Risk
9317-WZPGV,1,1,0.7135314102962738,High Risk
8947-YRTDV,0,0,0.12775346006537583,Low Risk
1814-DKOLC,0,0,0.2121584934490124,Low Risk
8071-SBTRN,0,0,0.0666182650082411,Low Risk
4701-MLJPN,1,0,0.17656686286603276,Low Risk
1205-WNWPJ,1,0,0.3378621558838046,Low Risk
6158-HDPXZ,0,1,0.5020421665069951,Medium Risk
6683-VLCTZ,1,1,0.74161717726462,High Risk
3727-OWVYD,0,0,0.03506305307335309,Low Risk
0856-NAOES,0,0,0.3300218466721881,Low Risk
0562-FGDCR,0,0,0.005949435176813069,Low Risk
0956-SYCWG,0,0,0.09617815210986512,Low Risk
2277-VWCNI,0,0,0.4294305200747663,Medium Risk
3498-LZGQZ,0,0,0.0034396738292558214,Low Risk
9135-MGVPY,0,0,0.012015565991895327,Low Risk
3815-SLMEF,1,0,0.30609876601911473,Low Risk
4513-CXYIX,0,0,0.036048563463084514,Low Risk
8944-AILEF,0,0,0.15009270808622824,Low Risk
1270-XKUCC,0,0,0.013082848262642494,Low Risk
6633-SYEUS,0,0,0.2614587163377391,Low Risk
8075-GXIUB,0,0,0.09197204392321241,Low Risk
6016-NXBNJ,0,0,0.03261345639352461,Low Risk
9332-GYWLO,0,0,0.4110567966451645,Medium Risk
3276-HDUEG,1,1,0.673648164689453,Medium Risk
5884-FBCTL,0,0,0.0024557044700223396,Low Risk
8999-YPYBV,0,0,0.021455793387440143,Low Risk
1522-VVDMG,1,1,0.5254524234129618,Medium Risk
0848-SOMKO,0,0,0.008287539514251761,Low Risk
1657-DYMBM,0,0,0.004558068532824662,Low Risk
6923-EFPNL,1,0,0.35148365499170753,Low Risk
2167-FQSTQ,0,0,0.02317331477181406,Low Risk
9286-BHDQG,0,0,0.003425048470393866,Low Risk
7225-CBZPL,0,1,0.7703629255928086,High Risk
5605-IYGFG,0,1,0.5787251021357632,Medium Risk
6861-OKBCE,1,0,0.1129295324863125,Low Risk
7571-YXDAD,1,1,0.575763092499036,Medium Risk
0254-FNMCI,0,0,0.047032930012705663,Low Risk
8981-FJGLA,0,1,0.5467348706507167,Medium Risk
8414-MYSHR,1,1,0.7727815503285992,High Risk
9274-CNFMO,1,1,0.6920415299210848,Medium Risk
3794-NFNCH,0,0,0.18651055663395255,Low Risk
5158-RIVOP,0,0,0.029860637370375413,Low Risk
1100-DDVRV,0,0,0.49641696760019843,Medium Risk
9522-BNTHX,0,0,0.43686028012131733,Medium Risk
3677-IYRBF,1,1,0.6932317198131264,Medium Risk
7009-PCARS,0,0,0.00781722900326577,Low Risk
8250-ZNGGW,0,0,0.1608942825002562,Low Risk
0967-BMLBD,0,0,0.09290675208968559,Low Risk
7594-RQHXR,1,1,0.7214708488741652,High Risk
8966-SNIZF,0,0,0.0022060763520865036,Low Risk
7235-NXZCP,1,1,0.691013739838446,Medium Risk
0122-OAHPZ,1,1,0.7107492548874309,High Risk
7815-PDTHL,0,0,0.014835995324283265,Low Risk
8331-ZXFOE,0,0,0.02331083453451642,Low Risk
8901-UPRHR,0,0,0.06261046843830836,Low Risk
3563-SVYLG,0,0,0.0033296337657780432,Low Risk
3205-MXZRA,0,0,0.07603300886739309,Low Risk
5392-AKEMH,0,0,0.4096110534809886,Medium Risk
8201-AAXCB,0,0,0.2833900248636312,Low Risk
6919-ELBGL,0,0,0.05049047163716927,Low Risk
0530-IJVDB,0,0,0.057597110522979555,Low Risk
5047-LHVLY,1,0,0.4132515043040787,Medium Risk
8404-FYDIB,0,0,0.30222470153902525,Low Risk
3415-TAILE,1,0,0.42245419360616904,Medium Risk
2819-GWENI,0,0,0.0310731730593526,Low Risk
6164-HXUGH,0,0,0.15439493499977763,Low Risk
6762-QVYJO,0,0,0.017394966326613425,Low Risk
5046-NUHWD,0,0,0.38582229312576555,Low Risk
0106-GHRQR,0,0,0.3683042970424811,Low Risk
8374-XGEJJ,1,1,0.5888146784705268,Medium Risk
2546-KZAAT,0,0,0.05455343851082205,Low Risk
7569-NMZYQ,0,0,0.04763600505788803,Low Risk
3279-DYZQM,0,0,0.00167771444812059,Low Risk
0374-FIUCA,0,0,0.0035571755315631746,Low Risk
3714-NTNFO,0,0,0.4518675323870757,Medium Risk
8705-DWKTI,0,0,0.2765570077523726,Low Risk
4195-SMMNX,1,0,0.1881554869373876,Low Risk
2599-CIPQE,0,0,0.02202955287694417,Low Risk
5136-GFPMB,0,0,0.2632878696263961,Low Risk
6476-YHMGA,0,0,0.22724575584202378,Low Risk
3055-MJDSB,0,0,0.49183667715008317,Medium Risk
7516-GMHUV,0,0,0.12537205183750322,Low Risk
5940-NFXKV,1,1,0.6504362159876304,Medium Risk
3597-YASZG,0,0,0.0878345874128908,Low Risk
3786-WOVKF,0,0,0.1543183829765122,Low Risk
2806-MLNTI,0,0,0.29793466379445754,Low Risk
0799-DDIHE,0,0,0.2759345423266839,Low Risk
9926-PJHDQ,0,0,0.027701125704034536,Low Risk
0334-GDDSO,1,1,0.7090588112608334,High Risk
2371-KFUOG,0,0,0.09474164191834976,Low Risk
4634-JLRJT,0,0,0.26352422201249937,Low Risk
5886-VLQVU,0,0,0.4166004833939882,Medium Risk
3194-ORPIK,1,0,0.32792467868241654,Low Risk
6048-NJXHX,0,0,0.01718148459981337,Low Risk
7860-KSUGX,0,0,0.005185862204150951,Low Risk
2925-MXLSX,0,0,0.14107481203933803,Low Risk
2933-FILNV,1,1,0.5634876198996072,Medium Risk
7758-XKCBS,1,0,0.42245068810727815,Medium Risk
2027-DNKIV,0,0,0.03683203185638149,Low Risk
4751-ERMAN,0,0,0.01784196501742887,Low Risk
8224-KDLKN,0,0,0.002262808918530054,Low Risk
7929-SKFGK,0,0,0.03876408956876349,Low Risk
8329-IBCTI,1,0,0.20682148140790688,Low Risk
5016-IBERQ,0,0,0.46350368390358204,Medium Risk
5405-ZMYXQ,0,1,0.6058965171080556,Medium Risk
7841-TZDMQ,1,0,0.3957701189740392,Low Risk
9754-CLVZW,0,0,0.10184034379910166,Low Risk
9503-XJUME,0,0,0.008179954878306446,Low Risk
3298-QEICA,0,0,0.036045489857575774,Low Risk
9420-LOJKX,1,0,0.45976083042495053,Medium Risk
3391-JSQEW,0,0,0.11801968716459621,Low Risk
4939-KYYPY,0,0,0.1934628383997317,Low Risk
2061-VVFST,0,0,0.047298056130148945,Low Risk
6480-YAGIY,0,0,0.09007756901934849,Low Risk
0330-IVZHA,1,1,0.6027685055419161,Medium Risk
7161-DFHUF,0,0,0.002890638385584181,Low Risk
1260-TTRXI,1,0,0.46877670753392586,Medium Risk
8577-QSOCG,0,0,0.012151559929704972,Low Risk
8963-JLGJT,0,0,0.19912305906829125,Low Risk
3266-FTKHB,0,0,0.02616953281494036,Low Risk
6122-LJADA,0,0,0.012692472107691673,Low Risk
8710-YGLWG,0,0,0.42599942391957285,Medium Risk
6463-HHXJR,0,0,0.027915121294091027,Low Risk
9576-SYUHJ,0,0,0.41728098260882407,Medium Risk
9289-LBQVU,0,0,0.04033908181184923,Low Risk
2207-QPJED,0,0,0.3601585830806655,Low Risk
6990-YNRIO,1,0,0.04037562193557817,Low Risk
0489-WMEMG,0,0,0.12207668081812396,Low Risk
2189-UXTKY,1,0,0.3403517565759906,Low Risk
7105-MXJLL,0,0,0.14760042392857137,Low Risk
7133-VBDCG,1,0,0.289869347092155,Low Risk
9933-QRGTX,0,0,0.07179056761874791,Low Risk
6356-ELRKD,1,1,0.6899470730060121,Medium Risk
2194-IIQOF,0,0,0.011353478714358937,Low Risk
8063-GBATB,1,1,0.666783866964757,Medium Risk
9611-CTWIH,1,1,0.7707068967221691,High Risk
3571-DPYUH,0,0,0.10409525357152503,Low Risk
8519-QJGJD,1,1,0.5031095057200522,Medium Risk
5846-NEQVZ,0,0,0.006833176304431742,Low Risk
6022-KOUQO,0,0,0.39909115248158394,Low Risk
7205-BAIAD,0,0,0.012639450144920874,Low Risk
9574-BOSMD,0,0,0.0026966596679848342,Low Risk
4884-TVUQF,0,0,0.04531289323388572,Low Risk
6439-GTPCA,1,0,0.3303618888381597,Low Risk
3795-CAWEX,0,0,0.04240027524653409,Low Risk
7821-DPRQE,0,0,0.2518247413392938,Low Risk
4983-CLMLV,0,0,0.3248760536872884,Low Risk
2380-DAMQP,0,0,0.05459982973724308,Low Risk
7534-BFESC,1,1,0.5899279268979593,Medium Risk
6695-FRVEC,0,0,0.0054106345207152,Low Risk
0361-HJRDX,0,0,0.011420272394346839,Low Risk
0354-VXMJC,0,0,0.01639858784268892,Low Risk
6559-ILWKJ,1,0,0.025804883886073694,Low Risk
9895-VFOXH,0,1,0.5201694416687185,Medium Risk
8229-BUJHX,0,0,0.0018351983600389688,Low Risk
4476-OSWTN,0,0,0.13892705822773938,Low Risk
2995-UPRYS,1,0,0.2408917879885242,Low Risk
9208-OLGAQ,0,1,0.6621700392743882,Medium Risk
4124-MMETB,1,1,0.616036162641796,Medium Risk
8882-TLVRW,0,0,0.004820321086905237,Low Risk
2957-JIRMN,0,0,0.17686603470611068,Low Risk
3646-ITDGM,0,0,0.004149456418119907,Low Risk
2673-ZALNP,0,0,0.09193915918929679,Low Risk
9975-SKRNR,0,0,0.20134610524303737,Low Risk
3724-UCSHY,0,0,0.148877368282705,Low Risk
0259-GBZSH,1,1,0.758937444081408,High Risk
7130-CTCUS,0,0,0.21401280822648588,Low Risk
8150-QUDFX,0,0,0.190726218782611,Low Risk
8218-FFJDS,0,0,0.014768117972939159,Low Risk
8259-NFJTV,0,0,0.2455231508688053,Low Risk
7909-FIOIY,0,0,0.36086419827855815,Low Risk
3317-VLGQT,0,1,0.6868158226441363,Medium Risk
2722-VOJQL,1,0,0.15193346194162208,Low Risk
0584-BJQGZ,0,0,0.15961625931932255,Low Risk
6732-VAILE,0,0,0.01791489540740711,Low Risk
1302-TPUBN,0,0,0.0024323814284865366,Low Risk
8380-PEFPE,1,1,0.6432621385545819,Medium Risk
7402-PWYJJ,0,0,0.23985432666052336,Low Risk
4250-FDVOU,1,0,0.25197580829565386,Low Risk
9128-CPXKI,0,0,0.10137078674320035,Low Risk
4183-WCSEP,1,0,0.32773067889687374,Low Risk
0404-SWRVG,1,1,0.7260536339076548,High Risk
6227-HWPWX,1,0,0.3873545446696167,Low Risk
1899-VXWXM,1,0,0.26080788616331113,Low Risk
8450-JOVAH,1,0,0.26275053459545966,Low Risk
4550-VBOFE,1,0,0.41899153275321926,Medium Risk
9546-CQJSU,1,1,0.7574437948498626,High Risk
4789-KWMXN,1,0,0.18237794724137607,Low Risk
0835-DUUIQ,0,0,0.03637724588064738,Low Risk
1855-AGAWH,0,0,0.4403473060702361,Medium Risk
9079-YEXQJ,1,0,0.3324658761135311,Low Risk
3577-AMVUX,0,0,0.25966820070021346,Low Risk
2316-ESMLS,0,0,0.1174329101924058,Low Risk
9426-SXNHE,0,0,0.2075561157371559,Low Risk
8550-XSXUQ,0,0,0.08846597452867797,Low Risk
0723-DRCLG,1,1,0.7862570086258549,High Risk
2176-OSJUV,0,0,0.004920824134135924,Low Risk
0107-WESLM,1,0,0.3283615056857172,Low Risk
8626-XHBIE,0,0,0.0063706140209166375,Low Risk
0188-GWFLE,0,0,0.18923932003744154,Low Risk
8166-ZZTFS,1,0,0.04158205919829489,Low Risk
5774-QPLTF,0,0,0.013940216509004436,Low Risk
0929-PECLO,0,0,0.3294607048697082,Low Risk
5696-QURRL,1,0,0.42516157844348895,Medium Risk
8124-NZVGJ,0,0,0.4020902842268824,Medium Risk
4130-MZLCC,0,0,0.2836820736554635,Low Risk
4489-SNOJF,1,0,0.13071182774836207,Low Risk
8984-HPEMB,0,0,0.07149793060528904,Low Risk
4615-PIVVU,0,0,0.022916980725261132,Low Risk
6848-HJTXY,0,0,0.0027369963859098156,Low Risk
8757-TFHHJ,0,0,0.3089927416596223,Low Risk
4603-JANFB,1,1,0.6882084158865103,Medium Risk
8565-HBFNN,0,0,0.07468010112768701,Low Risk
7422-WNBTY,0,1,0.5594003744185773,Medium Risk
4712-UYOOI,0,0,0.11575743166658355,Low Risk
3372-CDXFJ,0,0,0.0792552082289897,Low Risk
5353-WILCI,0,0,0.1227924802651684,Low Risk
0988-AADSA,0,0,0.007018651140728615,Low Risk
8270-RKSAP,0,1,0.6197079266742636,Medium Risk
5954-BDFSG,0,0,0.0742846621059561,Low Risk
5792-JALQC,0,0,0.017466756919045964,Low Risk
2202-OUTMO,0,0,0.11646234300648647,Low Risk
9028-LIHRP,0,0,0.014243870504455663,Low Risk
9150-KPBJQ,0,0,0.04326135270381473,Low Risk
4003-OCTMP,0,0,0.10396561386740362,Low Risk
8775-LHDJH,1,1,0.7759831307667836,High Risk
6770-UAYGJ,0,0,0.006931694436785633,Low Risk
7596-IIWYC,0,0,0.02362912877224701,Low Risk
0887-WBJVH,0,0,0.23773139506014432,Low Risk
8840-DQLGN,1,0,0.318978630284486,Low Risk
8413-VONUO,1,1,0.6541352579777809,Medium Risk
9281-PKKZE,0,0,0.34328151112759037,Low Risk
5186-PEIZU,0,0,0.047651984236729464,Low Risk
6339-YPSAH,0,1,0.6253958791158778,Medium Risk
2324-EFHVG,0,0,0.10590479102766089,Low Risk
1918-ZBFQJ,1,1,0.5624340216754145,Medium Risk
6968-GMKPR,0,0,0.24226254293772528,Low Risk
3062-ICYZQ,0,0,0.2958410395834576,Low Risk
2233-FAGXV,0,0,0.2572605461956778,Low Risk
6017-PPLPX,1,1,0.5069009595751154,Medium Risk
1982-FEBTD,0,0,0.030112871171649565,Low Risk
9705-IOVQQ,0,0,0.2171611695671709,Low Risk
6288-CHQJB,0,0,0.010598567077117597,Low Risk
3315-TOTBP,1,1,0.5459314901463083,Medium Risk
6096-EGVTU,0,0,0.007590075480310456,Low Risk
2937-FTHUR,0,0,0.277729528743116,Low Risk
4062-HBMOS,0,0,0.48821163995099803,Medium Risk
2387-KDZQY,0,0,0.07381546502040658,Low Risk
4609-KNNWG,0,0,0.015099621686559121,Low Risk
0409-WTMPL,0,0,0.1794010646720771,Low Risk
3766-EJLFL,0,0,0.05745425746019586,Low Risk
4232-JGKIY,0,0,0.26246249097478125,Low Risk
0334-ZFJSR,0,0,0.02398007530266652,Low Risk
6582-OIVSP,0,0,0.3568779513040135,Low Risk
8661-BOYNW,0,0,0.01670044017431595,Low Risk
4257-GAESD,0,1,0.558875348010381,Medium Risk
8785-CJSHH,0,0,0.4502686754507141,Medium Risk
5469-CTCWN,1,0,0.19065301384822236,Low Risk
2839-RFSQE,1,0,0.19519747772766707,Low Risk
4890-VMUAV,0,0,0.019542993687893778,Low Risk
3365-SAIGS,0,1,0.5780982713173338,Medium Risk
0946-CLJTI,1,1,0.5365847583342748,Medium Risk
3920-HIHMQ,0,0,0.23425526572144326,Low Risk
5307-UVGNB,0,0,0.09714828906110164,Low Risk
8780-RSYYU,0,0,0.09760744111532836,Low Risk
0742-NXBGR,1,1,0.633291286482685,Medium Risk
8067-NIOYM,0,0,0.02226909040216079,Low Risk
5916-QEWPT,0,0,0.44779631859415303,Medium Risk
1029-QFBEN,1,0,0.198968459831761,Low Risk
9251-WNSOD,0,0,0.02719007071238835,Low Risk
6576-FBXOJ,0,0,0.3021703678395544,Low Risk
2501-XWWTZ,0,1,0.5247717475145328,Medium Risk
6080-LNESI,0,0,0.006692049275180964,Low Risk
7245-NIIWQ,0,1,0.6835065600484728,Medium Risk
6567-HOOPW,1,1,0.7646483049469445,High Risk
4550-EVXNY,1,1,0.6650977014646318,Medium Risk
6437-UDQJM,0,0,0.02348208701572803,Low Risk
0297-RBCSG,0,0,0.1309761323636127,Low Risk
2097-YVPKN,0,0,0.00343685089666101,Low Risk
0853-NWIFK,0,0,0.22871072352566454,Low Risk
4853-OITSN,0,1,0.6867003248837622,Medium Risk
6128-DAFVY,0,0,0.17931525111522656,Low Risk
1197-BVMVG,0,1,0.7587987523683374,High Risk
7508-DQAKK,0,0,0.017886128402933178,Low Risk
9938-PRCVK,0,0,0.007863706236616494,Low Risk
0289-IVARM,0,0,0.09511819777202458,Low Risk
8260-NGFNY,1,1,0.5156055780259102,Medium Risk
7074-IEVOJ,1,1,0.7268515560762285,High Risk
6614-YWYSC,0,0,0.005295474796279232,Low Risk
8473-VUVJN,1,1,0.7712720761687454,High Risk
6693-DJWTY,0,0,0.03156725048868713,Low Risk
3655-SNQYZ,0,0,0.03421486840343459,Low Risk
2845-KDHVX,0,0,0.015055701384254414,Low Risk
5027-YOCXN,0,0,0.09697558756863414,Low Risk
8884-MRNSU,0,0,0.051125733985392476,Low Risk
0567-XRHCU,0,0,0.013184982088716352,Low Risk
5868-CZJDR,1,0,0.490021240792705,Medium Risk
